DateTime;Energy1;Tariff1;Energy2;Tariff2;Energy3;Tariff3;Energy4;Tariff4;Val1;Val2;Val3;Val4;Val5;Val6;Val7;Val8;Val9
02.01.2023 00:00;130708.56;0.2300;0.00;10.000;0.00;10.000;0.00;10.000;0.00;0.00;0.00;0.00;0.00;0.00;0.00;0.00;0.00
02.01.2023 00:05;130708.80;0.2300;0.00;10.000;0.00;10.000;0.00;10.000;0.00;0.00;0.00;0.00;0.00;0.00;0.00;0.00;0.00
02.01.2023 00:10;130709.06;0.2300;0.00;10.000;0.00;10.000;0.00;10.000;0.00;0.00;0.00;0.00;0.00;0.00;0.00;0.00;0.00
02.01.2023 00:15;130709.30;0.2300;0.00;10.000;0.00;10.000;0.00;10.000;0.00;0.00;0.00;0.00;0.00;0.00;0.00;0.00;0.00
02.01.2023 00:20;130709.52;0.2300;0.00;10.000;0.00;10.000;0.00;10.000;0.00;0.00;0.00;0.00;0.00;0.00;0.00;0.00;0.00
02.01.2023 00:25;130709.73;0.2300;0.00;10.000;0.00;10.000;0.00;10.000;0.00;0.00;0.00;0.00;0.00;0.00;0.00;0.00;0.00
02.01.2023 00:30;130709.98;0.2300;0.00;10.000;0.00;10.000;0.00;10.000;0.00;0.00;0.00;0.00;0.00;0.00;0.00;0.00;0.00
02.01.2023 00:35;130710.25;0.2300;0.00;10.000;0.00;10.000;0.00;10.000;0.00;0.00;0.00;0.00;0.00;0.00;0.00;0.00;0.00
02.01.2023 00:40;130710.48;0.2300;0.00;10.000;0.00;10.000;0.00;10.000;0.00;0.00;0.00;0.00;0.00;0.00;0.00;0.00;0.00
02.01.2023 00:45;130710.69;0.2300;0.00;10.000;0.00;10.000;0.00;10.000;0.00;0.00;0.00;0.00;0.00;0.00;0.00;0.00;0.00
02.01.2023 00:50;130710.92;0.2300;0.00;10.000;0.00;10.000;0.00;10.000;0.00;0.00;0.00;0.00;0.00;0.00;0.00;0.00;0.00
02.01.2023 00:55;130711.16;0.2300;0.00;10.000;0.00;10.000;0.00;10.000;0.00;0.00;0.00;0.00;0.00;0.00;0.00;0.00;0.00
02.01.2023 01:00;130711.41;0.2300;0.00;10.000;0.00;10.000;0.00;10.000;0.00;0.00;0.00;0.00;0.00;0.00;0.00;0.00;0.00
02.01.2023 01:05;130711.64;0.2300;0.00;10.000;0.00;10.000;0.00;10.000;0.00;0.00;0.00;0.00;0.00;0.00;0.00;0.00;0.00
02.01.2023 01:10;130711.84;0.2300;0.00;10.000;0.00;10.000;0.00;10.000;0.00;0.00;0.00;0.00;0.00;0.00;0.00;0.00;0.00
02.01.2023 01:15;130712.03;0.2300;0.00;10.000;0.00;10.000;0.00;10.000;0.00;0.00;0.00;0.00;0.00;0.00;0.00;0.00;0.00
02.01.2023 01:20;130712.20;0.2300;0.00;10.000;0.00;10.000;0.00;10.000;0.00;0.00;0.00;0.00;0.00;0.00;0.00;0.00;0.00
02.01.2023 01:25;130712.38;0.2300;0.00;10.000;0.00;10.000;0.00;10.000;0.00;0.00;0.00;0.00;0.00;0.00;0.00;0.00;0.00
02.01.2023 01:30;130712.61;0.2300;0.00;10.000;0.00;10.000;0.00;10.000;0.00;0.00;0.00;0.00;0.00;0.00;0.00;0.00;0.00
02.01.2023 01:35;130712.86;0.2300;0.00;10.000;0.00;10.000;0.00;10.000;0.00;0.00;0.00;0.00;0.00;0.00;0.00;0.00;0.00
02.01.2023 01:40;130713.05;0.2300;0.00;10.000;0.00;10.000;0.00;10.000;0.00;0.00;0.00;0.00;0.00;0.00;0.00;0.00;0.00
02.01.2023 01:45;130713.23;0.2300;0.00;10.000;0.00;10.000;0.00;10.000;0.00;0.00;0.00;0.00;0.00;0.00;0.00;0.00;0.00
02.01.2023 01:50;130713.41;0.2300;0.00;10.000;0.00;10.000;0.00;10.000;0.00;0.00;0.00;0.00;0.00;0.00;0.00;0.00;0.00
02.01.2023 01:55;130713.61;0.2300;0.00;10.000;0.00;10.000;0.00;10.000;0.00;0.00;0.00;0.00;0.00;0.00;0.00;0.00;0.00
02.01.2023 02:00;130713.80;0.2300;0.00;10.000;0.00;10.000;0.00;10.000;0.00;0.00;0.00;0.00;0.00;0.00;0.00;0.00;0.00
02.01.2023 02:05;130714.00;0.2300;0.00;10.000;0.00;10.000;0.00;10.000;0.00;0.00;0.00;0.00;0.00;0.00;0.00;0.00;0.00
02.01.2023 02:10;130714.23;0.2300;0.00;10.000;0.00;10.000;0.00;10.000;0.00;0.00;0.00;0.00;0.00;0.00;0.00;0.00;0.00
02.01.2023 02:15;130714.45;0.2300;0.00;10.000;0.00;10.000;0.00;10.000;0.00;0.00;0.00;0.00;0.00;0.00;0.00;0.00;0.00
02.01.2023 02:20;130714.63;0.2300;0.00;10.000;0.00;10.000;0.00;10.000;0.00;0.00;0.00;0.00;0.00;0.00;0.00;0.00;0.00
02.01.2023 02:25;130714.78;0.2300;0.00;10.000;0.00;10.000;0.00;10.000;0.00;0.00;0.00;0.00;0.00;0.00;0.00;0.00;0.00
02.01.2023 02:30;130714.94;0.2300;0.00;10.000;0.00;10.000;0.00;10.000;0.00;0.00;0.00;0.00;0.00;0.00;0.00;0.00;0.00
02.01.2023 02:35;130715.09;0.2300;0.00;10.000;0.00;10.000;0.00;10.000;0.00;0.00;0.00;0.00;0.00;0.00;0.00;0.00;0.00
02.01.2023 02:40;130715.28;0.2300;0.00;10.000;0.00;10.000;0.00;10.000;0.00;0.00;0.00;0.00;0.00;0.00;0.00;0.00;0.00
02.01.2023 02:45;130715.48;0.2300;0.00;10.000;0.00;10.000;0.00;10.000;0.00;0.00;0.00;0.00;0.00;0.00;0.00;0.00;0.00
02.01.2023 02:50;130715.69;0.2300;0.00;10.000;0.00;10.000;0.00;10.000;0.00;0.00;0.00;0.00;0.00;0.00;0.00;0.00;0.00
02.01.2023 02:55;130715.86;0.2300;0.00;10.000;0.00;10.000;0.00;10.000;0.00;0.00;0.00;0.00;0.00;0.00;0.00;0.00;0.00
02.01.2023 03:00;130716.03;0.2300;0.00;10.000;0.00;10.000;0.00;10.000;0.00;0.00;0.00;0.00;0.00;0.00;0.00;0.00;0.00
02.01.2023 03:05;130716.20;0.2300;0.00;10.000;0.00;10.000;0.00;10.000;0.00;0.00;0.00;0.00;0.00;0.00;0.00;0.00;0.00
02.01.2023 03:10;130716.41;0.2300;0.00;10.000;0.00;10.000;0.00;10.000;0.00;0.00;0.00;0.00;0.00;0.00;0.00;0.00;0.00
02.01.2023 03:15;130716.63;0.2300;0.00;10.000;0.00;10.000;0.00;10.000;0.00;0.00;0.00;0.00;0.00;0.00;0.00;0.00;0.00
02.01.2023 03:20;130716.84;0.2300;0.00;10.000;0.00;10.000;0.00;10.000;0.00;0.00;0.00;0.00;0.00;0.00;0.00;0.00;0.00
02.01.2023 03:25;130717.03;0.2300;0.00;10.000;0.00;10.000;0.00;10.000;0.00;0.00;0.00;0.00;0.00;0.00;0.00;0.00;0.00
02.01.2023 03:30;130717.25;0.2300;0.00;10.000;0.00;10.000;0.00;10.000;0.00;0.00;0.00;0.00;0.00;0.00;0.00;0.00;0.00
02.01.2023 03:35;130717.47;0.2300;0.00;10.000;0.00;10.000;0.00;10.000;0.00;0.00;0.00;0.00;0.00;0.00;0.00;0.00;0.00
02.01.2023 03:40;130717.69;0.2300;0.00;10.000;0.00;10.000;0.00;10.000;0.00;0.00;0.00;0.00;0.00;0.00;0.00;0.00;0.00
02.01.2023 03:45;130717.91;0.2300;0.00;10.000;0.00;10.000;0.00;10.000;0.00;0.00;0.00;0.00;0.00;0.00;0.00;0.00;0.00
02.01.2023 03:50;130718.09;0.2300;0.00;10.000;0.00;10.000;0.00;10.000;0.00;0.00;0.00;0.00;0.00;0.00;0.00;0.00;0.00
02.01.2023 03:55;130718.28;0.2300;0.00;10.000;0.00;10.000;0.00;10.000;0.00;0.00;0.00;0.00;0.00;0.00;0.00;0.00;0.00
02.01.2023 04:00;130718.47;0.2300;0.00;10.000;0.00;10.000;0.00;10.000;0.00;0.00;0.00;0.00;0.00;0.00;0.00;0.00;0.00
02.01.2023 04:05;130718.70;0.2300;0.00;10.000;0.00;10.000;0.00;10.000;0.00;0.00;0.00;0.00;0.00;0.00;0.00;0.00;0.00
02.01.2023 04:10;130719.00;0.2300;0.00;10.000;0.00;10.000;0.00;10.000;0.00;0.00;0.00;0.00;0.00;0.00;0.00;0.00;0.00
02.01.2023 04:15;130719.20;0.2300;0.00;10.000;0.00;10.000;0.00;10.000;0.00;0.00;0.00;0.00;0.00;0.00;0.00;0.00;0.00
02.01.2023 04:20;130719.41;0.2300;0.00;10.000;0.00;10.000;0.00;10.000;0.00;0.00;0.00;0.00;0.00;0.00;0.00;0.00;0.00
02.01.2023 04:25;130719.61;0.2300;0.00;10.000;0.00;10.000;0.00;10.000;0.00;0.00;0.00;0.00;0.00;0.00;0.00;0.00;0.00
02.01.2023 04:30;130719.83;0.2300;0.00;10.000;0.00;10.000;0.00;10.000;0.00;0.00;0.00;0.00;0.00;0.00;0.00;0.00;0.00
02.01.2023 04:35;130720.03;0.2300;0.00;10.000;0.00;10.000;0.00;10.000;0.00;0.00;0.00;0.00;0.00;0.00;0.00;0.00;0.00
02.01.2023 04:40;130720.23;0.2300;0.00;10.000;0.00;10.000;0.00;10.000;0.00;0.00;0.00;0.00;0.00;0.00;0.00;0.00;0.00
02.01.2023 04:45;130720.42;0.2300;0.00;10.000;0.00;10.000;0.00;10.000;0.00;0.00;0.00;0.00;0.00;0.00;0.00;0.00;0.00
02.01.2023 04:50;130720.59;0.2300;0.00;10.000;0.00;10.000;0.00;10.000;0.00;0.00;0.00;0.00;0.00;0.00;0.00;0.00;0.00
02.01.2023 04:55;130720.75;0.2300;0.00;10.000;0.00;10.000;0.00;10.000;0.00;0.00;0.00;0.00;0.00;0.00;0.00;0.00;0.00
02.01.2023 05:00;130720.92;0.2300;0.00;10.000;0.00;10.000;0.00;10.000;0.00;0.00;0.00;0.00;0.00;0.00;0.00;0.00;0.00
02.01.2023 05:05;130721.11;0.2300;0.00;10.000;0.00;10.000;0.00;10.000;0.00;0.00;0.00;0.00;0.00;0.00;0.00;0.00;0.00
02.01.2023 05:10;130721.31;0.2300;0.00;10.000;0.00;10.000;0.00;10.000;0.00;0.00;0.00;0.00;0.00;0.00;0.00;0.00;0.00
02.01.2023 05:15;130721.50;0.2300;0.00;10.000;0.00;10.000;0.00;10.000;0.00;0.00;0.00;0.00;0.00;0.00;0.00;0.00;0.00
02.01.2023 05:20;130721.66;0.2300;0.00;10.000;0.00;10.000;0.00;10.000;0.00;0.00;0.00;0.00;0.00;0.00;0.00;0.00;0.00
02.01.2023 05:25;130721.83;0.2300;0.00;10.000;0.00;10.000;0.00;10.000;0.00;0.00;0.00;0.00;0.00;0.00;0.00;0.00;0.00
02.01.2023 05:30;130722.02;0.2300;0.00;10.000;0.00;10.000;0.00;10.000;0.00;0.00;0.00;0.00;0.00;0.00;0.00;0.00;0.00
02.01.2023 05:35;130722.22;0.2300;0.00;10.000;0.00;10.000;0.00;10.000;0.00;0.00;0.00;0.00;0.00;0.00;0.00;0.00;0.00
02.01.2023 05:40;130722.41;0.2300;0.00;10.000;0.00;10.000;0.00;10.000;0.00;0.00;0.00;0.00;0.00;0.00;0.00;0.00;0.00
02.01.2023 05:45;130722.59;0.2300;0.00;10.000;0.00;10.000;0.00;10.000;0.00;0.00;0.00;0.00;0.00;0.00;0.00;0.00;0.00
02.01.2023 05:50;130722.78;0.2300;0.00;10.000;0.00;10.000;0.00;10.000;0.00;0.00;0.00;0.00;0.00;0.00;0.00;0.00;0.00
02.01.2023 05:55;130722.95;0.2300;0.00;10.000;0.00;10.000;0.00;10.000;0.00;0.00;0.00;0.00;0.00;0.00;0.00;0.00;0.00
02.01.2023 06:00;130723.16;0.2300;0.00;10.000;0.00;10.000;0.00;10.000;0.00;0.00;0.00;0.00;0.00;0.00;0.00;0.00;0.00
02.01.2023 06:05;130723.36;0.2300;0.00;10.000;0.00;10.000;0.00;10.000;0.00;0.00;0.00;0.00;0.00;0.00;0.00;0.00;0.00
02.01.2023 06:10;130723.53;0.2300;0.00;10.000;0.00;10.000;0.00;10.000;0.00;0.00;0.00;0.00;0.00;0.00;0.00;0.00;0.00
02.01.2023 06:15;130723.70;0.2300;0.00;10.000;0.00;10.000;0.00;10.000;0.00;0.00;0.00;0.00;0.00;0.00;0.00;0.00;0.00
02.01.2023 06:20;130723.89;0.2300;0.00;10.000;0.00;10.000;0.00;10.000;0.00;0.00;0.00;0.00;0.00;0.00;0.00;0.00;0.00
02.01.2023 06:25;130724.08;0.2300;0.00;10.000;0.00;10.000;0.00;10.000;0.00;0.00;0.00;0.00;0.00;0.00;0.00;0.00;0.00
02.01.2023 06:30;130724.30;0.2300;0.00;10.000;0.00;10.000;0.00;10.000;0.00;0.00;0.00;0.00;0.00;0.00;0.00;0.00;0.00
02.01.2023 06:35;130724.52;0.2300;0.00;10.000;0.00;10.000;0.00;10.000;0.00;0.00;0.00;0.00;0.00;0.00;0.00;0.00;0.00
02.01.2023 06:40;130724.72;0.2300;0.00;10.000;0.00;10.000;0.00;10.000;0.00;0.00;0.00;0.00;0.00;0.00;0.00;0.00;0.00
02.01.2023 06:45;130724.94;0.2300;0.00;10.000;0.00;10.000;0.00;10.000;0.00;0.00;0.00;0.00;0.00;0.00;0.00;0.00;0.00
02.01.2023 06:50;130725.12;0.2300;0.00;10.000;0.00;10.000;0.00;10.000;0.00;0.00;0.00;0.00;0.00;0.00;0.00;0.00;0.00
02.01.2023 06:55;130725.30;0.2300;0.00;10.000;0.00;10.000;0.00;10.000;0.00;0.00;0.00;0.00;0.00;0.00;0.00;0.00;0.00
02.01.2023 07:00;130725.48;0.2300;0.00;10.000;0.00;10.000;0.00;10.000;0.00;0.00;0.00;0.00;0.00;0.00;0.00;0.00;0.00
02.01.2023 07:05;130725.67;0.2300;0.00;10.000;0.00;10.000;0.00;10.000;0.00;0.00;0.00;0.00;0.00;0.00;0.00;0.00;0.00
02.01.2023 07:10;130725.86;0.2300;0.00;10.000;0.00;10.000;0.00;10.000;0.00;0.00;0.00;0.00;0.00;0.00;0.00;0.00;0.00
02.01.2023 07:15;130726.03;0.2300;0.00;10.000;0.00;10.000;0.00;10.000;0.00;0.00;0.00;0.00;0.00;0.00;0.00;0.00;0.00
02.01.2023 07:20;130726.23;0.2300;0.00;10.000;0.00;10.000;0.00;10.000;0.00;0.00;0.00;0.00;0.00;0.00;0.00;0.00;0.00
02.01.2023 07:25;130726.45;0.2300;0.00;10.000;0.00;10.000;0.00;10.000;0.00;0.00;0.00;0.00;0.00;0.00;0.00;0.00;0.00
02.01.2023 07:30;130726.64;0.2300;0.00;10.000;0.00;10.000;0.00;10.000;0.00;0.00;0.00;0.00;0.00;0.00;0.00;0.00;0.00
02.01.2023 07:35;130726.84;0.2300;0.00;10.000;0.00;10.000;0.00;10.000;0.00;0.00;0.00;0.00;0.00;0.00;0.00;0.00;0.00
02.01.2023 07:40;130727.02;0.2300;0.00;10.000;0.00;10.000;0.00;10.000;0.00;0.00;0.00;0.00;0.00;0.00;0.00;0.00;0.00
02.01.2023 07:45;130727.19;0.2300;0.00;10.000;0.00;10.000;0.00;10.000;0.00;0.00;0.00;0.00;0.00;0.00;0.00;0.00;0.00
02.01.2023 07:50;130727.41;0.2300;0.00;10.000;0.00;10.000;0.00;10.000;0.00;0.00;0.00;0.00;0.00;0.00;0.00;0.00;0.00
02.01.2023 07:55;130727.62;0.2300;0.00;10.000;0.00;10.000;0.00;10.000;0.00;0.00;0.00;0.00;0.00;0.00;0.00;0.00;0.00
02.01.2023 08:00;130727.83;0.2300;0.00;10.000;0.00;10.000;0.00;10.000;0.00;0.00;0.00;0.00;0.00;0.00;0.00;0.00;0.00
02.01.2023 08:05;130728.00;0.2300;0.00;10.000;0.00;10.000;0.00;10.000;0.00;0.00;0.00;0.00;0.00;0.00;0.00;0.00;0.00
02.01.2023 08:10;130728.17;0.2300;0.00;10.000;0.00;10.000;0.00;10.000;0.00;0.00;0.00;0.00;0.00;0.00;0.00;0.00;0.00
02.01.2023 08:15;130728.36;0.2300;0.00;10.000;0.00;10.000;0.00;10.000;0.00;0.00;0.00;0.00;0.00;0.00;0.00;0.00;0.00
02.01.2023 08:20;130728.56;0.2300;0.00;10.000;0.00;10.000;0.00;10.000;0.00;0.00;0.00;0.00;0.00;0.00;0.00;0.00;0.00
02.01.2023 08:25;130728.77;0.2300;0.00;10.000;0.00;10.000;0.00;10.000;0.00;0.00;0.00;0.00;0.00;0.00;0.00;0.00;0.00
02.01.2023 08:30;130728.94;0.2300;0.00;10.000;0.00;10.000;0.00;10.000;0.00;0.00;0.00;0.00;0.00;0.00;0.00;0.00;0.00
02.01.2023 08:35;130729.11;0.2300;0.00;10.000;0.00;10.000;0.00;10.000;0.00;0.00;0.00;0.00;0.00;0.00;0.00;0.00;0.00
02.01.2023 08:40;130729.27;0.2300;0.00;10.000;0.00;10.000;0.00;10.000;0.00;0.00;0.00;0.00;0.00;0.00;0.00;0.00;0.00
02.01.2023 08:45;130729.45;0.2300;0.00;10.000;0.00;10.000;0.00;10.000;0.00;0.00;0.00;0.00;0.00;0.00;0.00;0.00;0.00
02.01.2023 08:50;130729.66;0.2300;0.00;10.000;0.00;10.000;0.00;10.000;0.00;0.00;0.00;0.00;0.00;0.00;0.00;0.00;0.00
02.01.2023 08:55;130729.86;0.2300;0.00;10.000;0.00;10.000;0.00;10.000;0.00;0.00;0.00;0.00;0.00;0.00;0.00;0.00;0.00
02.01.2023 09:00;130730.03;0.2300;0.00;10.000;0.00;10.000;0.00;10.000;0.00;0.00;0.00;0.00;0.00;0.00;0.00;0.00;0.00
02.01.2023 09:05;130730.25;0.2300;0.00;10.000;0.00;10.000;0.00;10.000;0.00;0.00;0.00;0.00;0.00;0.00;0.00;0.00;0.00
02.01.2023 09:10;130730.47;0.2300;0.00;10.000;0.00;10.000;0.00;10.000;0.00;0.00;0.00;0.00;0.00;0.00;0.00;0.00;0.00
02.01.2023 09:15;130730.69;0.2300;0.00;10.000;0.00;10.000;0.00;10.000;0.00;0.00;0.00;0.00;0.00;0.00;0.00;0.00;0.00
02.01.2023 09:20;130730.91;0.2300;0.00;10.000;0.00;10.000;0.00;10.000;0.00;0.00;0.00;0.00;0.00;0.00;0.00;0.00;0.00
02.01.2023 09:25;130731.17;0.2300;0.00;10.000;0.00;10.000;0.00;10.000;0.00;0.00;0.00;0.00;0.00;0.00;0.00;0.00;0.00
02.01.2023 09:30;130731.42;0.2300;0.00;10.000;0.00;10.000;0.00;10.000;0.00;0.00;0.00;0.00;0.00;0.00;0.00;0.00;0.00
02.01.2023 09:35;130731.67;0.2300;0.00;10.000;0.00;10.000;0.00;10.000;0.00;0.00;0.00;0.00;0.00;0.00;0.00;0.00;0.00
02.01.2023 09:40;130731.92;0.2300;0.00;10.000;0.00;10.000;0.00;10.000;0.00;0.00;0.00;0.00;0.00;0.00;0.00;0.00;0.00
02.01.2023 09:45;130732.14;0.2300;0.00;10.000;0.00;10.000;0.00;10.000;0.00;0.00;0.00;0.00;0.00;0.00;0.00;0.00;0.00
02.01.2023 09:50;130732.36;0.2300;0.00;10.000;0.00;10.000;0.00;10.000;0.00;0.00;0.00;0.00;0.00;0.00;0.00;0.00;0.00
02.01.2023 09:55;130732.61;0.2300;0.00;10.000;0.00;10.000;0.00;10.000;0.00;0.00;0.00;0.00;0.00;0.00;0.00;0.00;0.00
02.01.2023 10:00;130732.86;0.2300;0.00;10.000;0.00;10.000;0.00;10.000;0.00;0.00;0.00;0.00;0.00;0.00;0.00;0.00;0.00
02.01.2023 10:05;130733.11;0.2300;0.00;10.000;0.00;10.000;0.00;10.000;0.00;0.00;0.00;0.00;0.00;0.00;0.00;0.00;0.00
02.01.2023 10:10;130733.30;0.2300;0.00;10.000;0.00;10.000;0.00;10.000;0.00;0.00;0.00;0.00;0.00;0.00;0.00;0.00;0.00
02.01.2023 10:15;130733.50;0.2300;0.00;10.000;0.00;10.000;0.00;10.000;0.00;0.00;0.00;0.00;0.00;0.00;0.00;0.00;0.00
02.01.2023 10:20;130733.70;0.2300;0.00;10.000;0.00;10.000;0.00;10.000;0.00;0.00;0.00;0.00;0.00;0.00;0.00;0.00;0.00
02.01.2023 10:25;130733.94;0.2300;0.00;10.000;0.00;10.000;0.00;10.000;0.00;0.00;0.00;0.00;0.00;0.00;0.00;0.00;0.00
02.01.2023 10:30;130734.20;0.2300;0.00;10.000;0.00;10.000;0.00;10.000;0.00;0.00;0.00;0.00;0.00;0.00;0.00;0.00;0.00
02.01.2023 10:35;130734.41;0.2300;0.00;10.000;0.00;10.000;0.00;10.000;0.00;0.00;0.00;0.00;0.00;0.00;0.00;0.00;0.00
02.01.2023 10:40;130734.64;0.2300;0.00;10.000;0.00;10.000;0.00;10.000;0.00;0.00;0.00;0.00;0.00;0.00;0.00;0.00;0.00
02.01.2023 10:45;130734.92;0.2300;0.00;10.000;0.00;10.000;0.00;10.000;0.00;0.00;0.00;0.00;0.00;0.00;0.00;0.00;0.00
02.01.2023 10:50;130735.12;0.2300;0.00;10.000;0.00;10.000;0.00;10.000;0.00;0.00;0.00;0.00;0.00;0.00;0.00;0.00;0.00
02.01.2023 10:55;130735.33;0.2300;0.00;10.000;0.00;10.000;0.00;10.000;0.00;0.00;0.00;0.00;0.00;0.00;0.00;0.00;0.00
02.01.2023 11:00;130735.55;0.2300;0.00;10.000;0.00;10.000;0.00;10.000;0.00;0.00;0.00;0.00;0.00;0.00;0.00;0.00;0.00
02.01.2023 11:05;130735.80;0.2300;0.00;10.000;0.00;10.000;0.00;10.000;0.00;0.00;0.00;0.00;0.00;0.00;0.00;0.00;0.00
02.01.2023 11:10;130736.05;0.2300;0.00;10.000;0.00;10.000;0.00;10.000;0.00;0.00;0.00;0.00;0.00;0.00;0.00;0.00;0.00
02.01.2023 11:15;130736.25;0.2300;0.00;10.000;0.00;10.000;0.00;10.000;0.00;0.00;0.00;0.00;0.00;0.00;0.00;0.00;0.00
02.01.2023 11:20;130736.50;0.2300;0.00;10.000;0.00;10.000;0.00;10.000;0.00;0.00;0.00;0.00;0.00;0.00;0.00;0.00;0.00
02.01.2023 11:25;130736.80;0.2300;0.00;10.000;0.00;10.000;0.00;10.000;0.00;0.00;0.00;0.00;0.00;0.00;0.00;0.00;0.00
02.01.2023 11:30;130737.08;0.2300;0.00;10.000;0.00;10.000;0.00;10.000;0.00;0.00;0.00;0.00;0.00;0.00;0.00;0.00;0.00
02.01.2023 11:35;130737.36;0.2300;0.00;10.000;0.00;10.000;0.00;10.000;0.00;0.00;0.00;0.00;0.00;0.00;0.00;0.00;0.00
02.01.2023 11:40;130737.61;0.2300;0.00;10.000;0.00;10.000;0.00;10.000;0.00;0.00;0.00;0.00;0.00;0.00;0.00;0.00;0.00
02.01.2023 11:45;130737.83;0.2300;0.00;10.000;0.00;10.000;0.00;10.000;0.00;0.00;0.00;0.00;0.00;0.00;0.00;0.00;0.00
02.01.2023 11:50;130738.05;0.2300;0.00;10.000;0.00;10.000;0.00;10.000;0.00;0.00;0.00;0.00;0.00;0.00;0.00;0.00;0.00
02.01.2023 11:55;130738.25;0.2300;0.00;10.000;0.00;10.000;0.00;10.000;0.00;0.00;0.00;0.00;0.00;0.00;0.00;0.00;0.00
02.01.2023 12:00;130738.52;0.2300;0.00;10.000;0.00;10.000;0.00;10.000;0.00;0.00;0.00;0.00;0.00;0.00;0.00;0.00;0.00
02.01.2023 12:05;130738.81;0.2300;0.00;10.000;0.00;10.000;0.00;10.000;0.00;0.00;0.00;0.00;0.00;0.00;0.00;0.00;0.00
02.01.2023 12:10;130739.09;0.2300;0.00;10.000;0.00;10.000;0.00;10.000;0.00;0.00;0.00;0.00;0.00;0.00;0.00;0.00;0.00
02.01.2023 12:15;130739.36;0.2300;0.00;10.000;0.00;10.000;0.00;10.000;0.00;0.00;0.00;0.00;0.00;0.00;0.00;0.00;0.00
02.01.2023 12:20;130739.66;0.2300;0.00;10.000;0.00;10.000;0.00;10.000;0.00;0.00;0.00;0.00;0.00;0.00;0.00;0.00;0.00
02.01.2023 12:25;130739.97;0.2300;0.00;10.000;0.00;10.000;0.00;10.000;0.00;0.00;0.00;0.00;0.00;0.00;0.00;0.00;0.00
02.01.2023 12:30;130740.25;0.2300;0.00;10.000;0.00;10.000;0.00;10.000;0.00;0.00;0.00;0.00;0.00;0.00;0.00;0.00;0.00
02.01.2023 12:35;130740.56;0.2300;0.00;10.000;0.00;10.000;0.00;10.000;0.00;0.00;0.00;0.00;0.00;0.00;0.00;0.00;0.00
02.01.2023 12:40;130740.83;0.2300;0.00;10.000;0.00;10.000;0.00;10.000;0.00;0.00;0.00;0.00;0.00;0.00;0.00;0.00;0.00
02.01.2023 12:45;130741.05;0.2300;0.00;10.000;0.00;10.000;0.00;10.000;0.00;0.00;0.00;0.00;0.00;0.00;0.00;0.00;0.00
02.01.2023 12:50;130741.31;0.2300;0.00;10.000;0.00;10.000;0.00;10.000;0.00;0.00;0.00;0.00;0.00;0.00;0.00;0.00;0.00
02.01.2023 12:55;130741.59;0.2300;0.00;10.000;0.00;10.000;0.00;10.000;0.00;0.00;0.00;0.00;0.00;0.00;0.00;0.00;0.00
02.01.2023 13:00;130741.91;0.2300;0.00;10.000;0.00;10.000;0.00;10.000;0.00;0.00;0.00;0.00;0.00;0.00;0.00;0.00;0.00
02.01.2023 13:05;130742.17;0.2300;0.00;10.000;0.00;10.000;0.00;10.000;0.00;0.00;0.00;0.00;0.00;0.00;0.00;0.00;0.00
02.01.2023 13:10;130742.39;0.2300;0.00;10.000;0.00;10.000;0.00;10.000;0.00;0.00;0.00;0.00;0.00;0.00;0.00;0.00;0.00
02.01.2023 13:15;130742.64;0.2300;0.00;10.000;0.00;10.000;0.00;10.000;0.00;0.00;0.00;0.00;0.00;0.00;0.00;0.00;0.00
02.01.2023 13:20;130742.89;0.2300;0.00;10.000;0.00;10.000;0.00;10.000;0.00;0.00;0.00;0.00;0.00;0.00;0.00;0.00;0.00
02.01.2023 13:25;130743.19;0.2300;0.00;10.000;0.00;10.000;0.00;10.000;0.00;0.00;0.00;0.00;0.00;0.00;0.00;0.00;0.00
02.01.2023 13:30;130743.42;0.2300;0.00;10.000;0.00;10.000;0.00;10.000;0.00;0.00;0.00;0.00;0.00;0.00;0.00;0.00;0.00
02.01.2023 13:35;130743.64;0.2300;0.00;10.000;0.00;10.000;0.00;10.000;0.00;0.00;0.00;0.00;0.00;0.00;0.00;0.00;0.00
02.01.2023 13:40;130743.86;0.2300;0.00;10.000;0.00;10.000;0.00;10.000;0.00;0.00;0.00;0.00;0.00;0.00;0.00;0.00;0.00
02.01.2023 13:45;130744.16;0.2300;0.00;10.000;0.00;10.000;0.00;10.000;0.00;0.00;0.00;0.00;0.00;0.00;0.00;0.00;0.00
02.01.2023 13:50;130744.47;0.2300;0.00;10.000;0.00;10.000;0.00;10.000;0.00;0.00;0.00;0.00;0.00;0.00;0.00;0.00;0.00
02.01.2023 13:55;130744.70;0.2300;0.00;10.000;0.00;10.000;0.00;10.000;0.00;0.00;0.00;0.00;0.00;0.00;0.00;0.00;0.00
02.01.2023 14:00;130744.98;0.2300;0.00;10.000;0.00;10.000;0.00;10.000;0.00;0.00;0.00;0.00;0.00;0.00;0.00;0.00;0.00
02.01.2023 14:05;130745.16;0.2300;0.00;10.000;0.00;10.000;0.00;10.000;0.00;0.00;0.00;0.00;0.00;0.00;0.00;0.00;0.00
02.01.2023 14:10;130745.31;0.2300;0.00;10.000;0.00;10.000;0.00;10.000;0.00;0.00;0.00;0.00;0.00;0.00;0.00;0.00;0.00
02.01.2023 14:15;130745.45;0.2300;0.00;10.000;0.00;10.000;0.00;10.000;0.00;0.00;0.00;0.00;0.00;0.00;0.00;0.00;0.00
02.01.2023 14:20;130745.58;0.2300;0.00;10.000;0.00;10.000;0.00;10.000;0.00;0.00;0.00;0.00;0.00;0.00;0.00;0.00;0.00
02.01.2023 14:25;130745.69;0.2300;0.00;10.000;0.00;10.000;0.00;10.000;0.00;0.00;0.00;0.00;0.00;0.00;0.00;0.00;0.00
02.01.2023 14:30;130745.77;0.2300;0.00;10.000;0.00;10.000;0.00;10.000;0.00;0.00;0.00;0.00;0.00;0.00;0.00;0.00;0.00
02.01.2023 14:35;130745.84;0.2300;0.00;10.000;0.00;10.000;0.00;10.000;0.00;0.00;0.00;0.00;0.00;0.00;0.00;0.00;0.00
02.01.2023 14:40;130745.91;0.2300;0.00;10.000;0.00;10.000;0.00;10.000;0.00;0.00;0.00;0.00;0.00;0.00;0.00;0.00;0.00
02.01.2023 14:45;130746.03;0.2300;0.00;10.000;0.00;10.000;0.00;10.000;0.00;0.00;0.00;0.00;0.00;0.00;0.00;0.00;0.00
02.01.2023 14:50;130746.14;0.2300;0.00;10.000;0.00;10.000;0.00;10.000;0.00;0.00;0.00;0.00;0.00;0.00;0.00;0.00;0.00
02.01.2023 14:55;130746.25;0.2300;0.00;10.000;0.00;10.000;0.00;10.000;0.00;0.00;0.00;0.00;0.00;0.00;0.00;0.00;0.00
02.01.2023 15:00;130746.36;0.2300;0.00;10.000;0.00;10.000;0.00;10.000;0.00;0.00;0.00;0.00;0.00;0.00;0.00;0.00;0.00
02.01.2023 15:05;130746.50;0.2300;0.00;10.000;0.00;10.000;0.00;10.000;0.00;0.00;0.00;0.00;0.00;0.00;0.00;0.00;0.00
02.01.2023 15:10;130746.63;0.2300;0.00;10.000;0.00;10.000;0.00;10.000;0.00;0.00;0.00;0.00;0.00;0.00;0.00;0.00;0.00
02.01.2023 15:15;130746.77;0.2300;0.00;10.000;0.00;10.000;0.00;10.000;0.00;0.00;0.00;0.00;0.00;0.00;0.00;0.00;0.00
02.01.2023 15:20;130746.87;0.2300;0.00;10.000;0.00;10.000;0.00;10.000;0.00;0.00;0.00;0.00;0.00;0.00;0.00;0.00;0.00
02.01.2023 15:25;130746.97;0.2300;0.00;10.000;0.00;10.000;0.00;10.000;0.00;0.00;0.00;0.00;0.00;0.00;0.00;0.00;0.00
02.01.2023 15:30;130747.05;0.2300;0.00;10.000;0.00;10.000;0.00;10.000;0.00;0.00;0.00;0.00;0.00;0.00;0.00;0.00;0.00
02.01.2023 15:35;130747.19;0.2300;0.00;10.000;0.00;10.000;0.00;10.000;0.00;0.00;0.00;0.00;0.00;0.00;0.00;0.00;0.00
02.01.2023 15:40;130747.33;0.2300;0.00;10.000;0.00;10.000;0.00;10.000;0.00;0.00;0.00;0.00;0.00;0.00;0.00;0.00;0.00
02.01.2023 15:45;130747.44;0.2300;0.00;10.000;0.00;10.000;0.00;10.000;0.00;0.00;0.00;0.00;0.00;0.00;0.00;0.00;0.00
02.01.2023 15:50;130747.52;0.2300;0.00;10.000;0.00;10.000;0.00;10.000;0.00;0.00;0.00;0.00;0.00;0.00;0.00;0.00;0.00
02.01.2023 15:55;130747.59;0.2300;0.00;10.000;0.00;10.000;0.00;10.000;0.00;0.00;0.00;0.00;0.00;0.00;0.00;0.00;0.00
02.01.2023 16:00;130747.69;0.2300;0.00;10.000;0.00;10.000;0.00;10.000;0.00;0.00;0.00;0.00;0.00;0.00;0.00;0.00;0.00
02.01.2023 16:05;130747.80;0.2300;0.00;10.000;0.00;10.000;0.00;10.000;0.00;0.00;0.00;0.00;0.00;0.00;0.00;0.00;0.00
02.01.2023 16:10;130747.94;0.2300;0.00;10.000;0.00;10.000;0.00;10.000;0.00;0.00;0.00;0.00;0.00;0.00;0.00;0.00;0.00
02.01.2023 16:15;130748.00;0.2300;0.00;10.000;0.00;10.000;0.00;10.000;0.00;0.00;0.00;0.00;0.00;0.00;0.00;0.00;0.00
02.01.2023 16:20;130748.11;0.2300;0.00;10.000;0.00;10.000;0.00;10.000;0.00;0.00;0.00;0.00;0.00;0.00;0.00;0.00;0.00
02.01.2023 16:25;130748.25;0.2300;0.00;10.000;0.00;10.000;0.00;10.000;0.00;0.00;0.00;0.00;0.00;0.00;0.00;0.00;0.00
02.01.2023 16:30;130748.39;0.2300;0.00;10.000;0.00;10.000;0.00;10.000;0.00;0.00;0.00;0.00;0.00;0.00;0.00;0.00;0.00
02.01.2023 16:35;130748.53;0.2300;0.00;10.000;0.00;10.000;0.00;10.000;0.00;0.00;0.00;0.00;0.00;0.00;0.00;0.00;0.00
02.01.2023 16:40;130748.66;0.2300;0.00;10.000;0.00;10.000;0.00;10.000;0.00;0.00;0.00;0.00;0.00;0.00;0.00;0.00;0.00
02.01.2023 16:45;130748.72;0.2300;0.00;10.000;0.00;10.000;0.00;10.000;0.00;0.00;0.00;0.00;0.00;0.00;0.00;0.00;0.00
02.01.2023 16:50;130748.80;0.2300;0.00;10.000;0.00;10.000;0.00;10.000;0.00;0.00;0.00;0.00;0.00;0.00;0.00;0.00;0.00
02.01.2023 16:55;130748.88;0.2300;0.00;10.000;0.00;10.000;0.00;10.000;0.00;0.00;0.00;0.00;0.00;0.00;0.00;0.00;0.00
02.01.2023 17:00;130749.00;0.2300;0.00;10.000;0.00;10.000;0.00;10.000;0.00;0.00;0.00;0.00;0.00;0.00;0.00;0.00;0.00
02.01.2023 17:05;130749.12;0.2300;0.00;10.000;0.00;10.000;0.00;10.000;0.00;0.00;0.00;0.00;0.00;0.00;0.00;0.00;0.00
02.01.2023 17:10;130749.23;0.2300;0.00;10.000;0.00;10.000;0.00;10.000;0.00;0.00;0.00;0.00;0.00;0.00;0.00;0.00;0.00
02.01.2023 17:15;130749.33;0.2300;0.00;10.000;0.00;10.000;0.00;10.000;0.00;0.00;0.00;0.00;0.00;0.00;0.00;0.00;0.00
02.01.2023 17:20;130749.47;0.2300;0.00;10.000;0.00;10.000;0.00;10.000;0.00;0.00;0.00;0.00;0.00;0.00;0.00;0.00;0.00
02.01.2023 17:25;130749.59;0.2300;0.00;10.000;0.00;10.000;0.00;10.000;0.00;0.00;0.00;0.00;0.00;0.00;0.00;0.00;0.00
02.01.2023 17:30;130749.73;0.2300;0.00;10.000;0.00;10.000;0.00;10.000;0.00;0.00;0.00;0.00;0.00;0.00;0.00;0.00;0.00
02.01.2023 17:35;130749.83;0.2300;0.00;10.000;0.00;10.000;0.00;10.000;0.00;0.00;0.00;0.00;0.00;0.00;0.00;0.00;0.00
02.01.2023 17:40;130749.89;0.2300;0.00;10.000;0.00;10.000;0.00;10.000;0.00;0.00;0.00;0.00;0.00;0.00;0.00;0.00;0.00
02.01.2023 17:45;130749.95;0.2300;0.00;10.000;0.00;10.000;0.00;10.000;0.00;0.00;0.00;0.00;0.00;0.00;0.00;0.00;0.00
02.01.2023 17:50;130750.05;0.2300;0.00;10.000;0.00;10.000;0.00;10.000;0.00;0.00;0.00;0.00;0.00;0.00;0.00;0.00;0.00
02.01.2023 17:55;130750.19;0.2300;0.00;10.000;0.00;10.000;0.00;10.000;0.00;0.00;0.00;0.00;0.00;0.00;0.00;0.00;0.00
02.01.2023 18:00;130750.28;0.2300;0.00;10.000;0.00;10.000;0.00;10.000;0.00;0.00;0.00;0.00;0.00;0.00;0.00;0.00;0.00
02.01.2023 18:05;130750.48;0.2300;0.00;10.000;0.00;10.000;0.00;10.000;0.00;0.00;0.00;0.00;0.00;0.00;0.00;0.00;0.00
02.01.2023 18:10;130750.67;0.2300;0.00;10.000;0.00;10.000;0.00;10.000;0.00;0.00;0.00;0.00;0.00;0.00;0.00;0.00;0.00
02.01.2023 18:15;130750.91;0.2300;0.00;10.000;0.00;10.000;0.00;10.000;0.00;0.00;0.00;0.00;0.00;0.00;0.00;0.00;0.00
02.01.2023 18:20;130751.17;0.2300;0.00;10.000;0.00;10.000;0.00;10.000;0.00;0.00;0.00;0.00;0.00;0.00;0.00;0.00;0.00
02.01.2023 18:25;130751.41;0.2300;0.00;10.000;0.00;10.000;0.00;10.000;0.00;0.00;0.00;0.00;0.00;0.00;0.00;0.00;0.00
02.01.2023 18:30;130751.62;0.2300;0.00;10.000;0.00;10.000;0.00;10.000;0.00;0.00;0.00;0.00;0.00;0.00;0.00;0.00;0.00
02.01.2023 18:35;130751.84;0.2300;0.00;10.000;0.00;10.000;0.00;10.000;0.00;0.00;0.00;0.00;0.00;0.00;0.00;0.00;0.00
02.01.2023 18:40;130752.06;0.2300;0.00;10.000;0.00;10.000;0.00;10.000;0.00;0.00;0.00;0.00;0.00;0.00;0.00;0.00;0.00
02.01.2023 18:45;130752.33;0.2300;0.00;10.000;0.00;10.000;0.00;10.000;0.00;0.00;0.00;0.00;0.00;0.00;0.00;0.00;0.00
02.01.2023 18:50;130752.63;0.2300;0.00;10.000;0.00;10.000;0.00;10.000;0.00;0.00;0.00;0.00;0.00;0.00;0.00;0.00;0.00
02.01.2023 18:55;130752.86;0.2300;0.00;10.000;0.00;10.000;0.00;10.000;0.00;0.00;0.00;0.00;0.00;0.00;0.00;0.00;0.00
02.01.2023 19:00;130753.06;0.2300;0.00;10.000;0.00;10.000;0.00;10.000;0.00;0.00;0.00;0.00;0.00;0.00;0.00;0.00;0.00
02.01.2023 19:05;130753.28;0.2300;0.00;10.000;0.00;10.000;0.00;10.000;0.00;0.00;0.00;0.00;0.00;0.00;0.00;0.00;0.00
02.01.2023 19:10;130753.52;0.2300;0.00;10.000;0.00;10.000;0.00;10.000;0.00;0.00;0.00;0.00;0.00;0.00;0.00;0.00;0.00
02.01.2023 19:15;130753.77;0.2300;0.00;10.000;0.00;10.000;0.00;10.000;0.00;0.00;0.00;0.00;0.00;0.00;0.00;0.00;0.00
02.01.2023 19:20;130754.00;0.2300;0.00;10.000;0.00;10.000;0.00;10.000;0.00;0.00;0.00;0.00;0.00;0.00;0.00;0.00;0.00
02.01.2023 19:25;130754.22;0.2300;0.00;10.000;0.00;10.000;0.00;10.000;0.00;0.00;0.00;0.00;0.00;0.00;0.00;0.00;0.00
02.01.2023 19:30;130754.41;0.2300;0.00;10.000;0.00;10.000;0.00;10.000;0.00;0.00;0.00;0.00;0.00;0.00;0.00;0.00;0.00
02.01.2023 19:35;130754.63;0.2300;0.00;10.000;0.00;10.000;0.00;10.000;0.00;0.00;0.00;0.00;0.00;0.00;0.00;0.00;0.00
02.01.2023 19:40;130754.89;0.2300;0.00;10.000;0.00;10.000;0.00;10.000;0.00;0.00;0.00;0.00;0.00;0.00;0.00;0.00;0.00
02.01.2023 19:45;130755.12;0.2300;0.00;10.000;0.00;10.000;0.00;10.000;0.00;0.00;0.00;0.00;0.00;0.00;0.00;0.00;0.00
02.01.2023 19:50;130755.33;0.2300;0.00;10.000;0.00;10.000;0.00;10.000;0.00;0.00;0.00;0.00;0.00;0.00;0.00;0.00;0.00
02.01.2023 19:55;130755.53;0.2300;0.00;10.000;0.00;10.000;0.00;10.000;0.00;0.00;0.00;0.00;0.00;0.00;0.00;0.00;0.00
02.01.2023 20:00;130755.75;0.2300;0.00;10.000;0.00;10.000;0.00;10.000;0.00;0.00;0.00;0.00;0.00;0.00;0.00;0.00;0.00
02.01.2023 20:05;130756.02;0.2300;0.00;10.000;0.00;10.000;0.00;10.000;0.00;0.00;0.00;0.00;0.00;0.00;0.00;0.00;0.00
02.01.2023 20:10;130756.25;0.2300;0.00;10.000;0.00;10.000;0.00;10.000;0.00;0.00;0.00;0.00;0.00;0.00;0.00;0.00;0.00
02.01.2023 20:15;130756.47;0.2300;0.00;10.000;0.00;10.000;0.00;10.000;0.00;0.00;0.00;0.00;0.00;0.00;0.00;0.00;0.00
02.01.2023 20:20;130756.67;0.2300;0.00;10.000;0.00;10.000;0.00;10.000;0.00;0.00;0.00;0.00;0.00;0.00;0.00;0.00;0.00
02.01.2023 20:25;130756.86;0.2300;0.00;10.000;0.00;10.000;0.00;10.000;0.00;0.00;0.00;0.00;0.00;0.00;0.00;0.00;0.00
02.01.2023 20:30;130757.09;0.2300;0.00;10.000;0.00;10.000;0.00;10.000;0.00;0.00;0.00;0.00;0.00;0.00;0.00;0.00;0.00
02.01.2023 20:35;130757.36;0.2300;0.00;10.000;0.00;10.000;0.00;10.000;0.00;0.00;0.00;0.00;0.00;0.00;0.00;0.00;0.00
02.01.2023 20:40;130757.56;0.2300;0.00;10.000;0.00;10.000;0.00;10.000;0.00;0.00;0.00;0.00;0.00;0.00;0.00;0.00;0.00
02.01.2023 20:45;130757.77;0.2300;0.00;10.000;0.00;10.000;0.00;10.000;0.00;0.00;0.00;0.00;0.00;0.00;0.00;0.00;0.00
02.01.2023 20:50;130757.98;0.2300;0.00;10.000;0.00;10.000;0.00;10.000;0.00;0.00;0.00;0.00;0.00;0.00;0.00;0.00;0.00
02.01.2023 20:55;130758.20;0.2300;0.00;10.000;0.00;10.000;0.00;10.000;0.00;0.00;0.00;0.00;0.00;0.00;0.00;0.00;0.00
02.01.2023 21:00;130758.48;0.2300;0.00;10.000;0.00;10.000;0.00;10.000;0.00;0.00;0.00;0.00;0.00;0.00;0.00;0.00;0.00
02.01.2023 21:05;130758.73;0.2300;0.00;10.000;0.00;10.000;0.00;10.000;0.00;0.00;0.00;0.00;0.00;0.00;0.00;0.00;0.00
02.01.2023 21:10;130758.97;0.2300;0.00;10.000;0.00;10.000;0.00;10.000;0.00;0.00;0.00;0.00;0.00;0.00;0.00;0.00;0.00
02.01.2023 21:15;130759.20;0.2300;0.00;10.000;0.00;10.000;0.00;10.000;0.00;0.00;0.00;0.00;0.00;0.00;0.00;0.00;0.00
02.01.2023 21:20;130759.42;0.2300;0.00;10.000;0.00;10.000;0.00;10.000;0.00;0.00;0.00;0.00;0.00;0.00;0.00;0.00;0.00
02.01.2023 21:25;130759.67;0.2300;0.00;10.000;0.00;10.000;0.00;10.000;0.00;0.00;0.00;0.00;0.00;0.00;0.00;0.00;0.00
02.01.2023 21:30;130760.02;0.2300;0.00;10.000;0.00;10.000;0.00;10.000;0.00;0.00;0.00;0.00;0.00;0.00;0.00;0.00;0.00
02.01.2023 21:35;130760.23;0.2300;0.00;10.000;0.00;10.000;0.00;10.000;0.00;0.00;0.00;0.00;0.00;0.00;0.00;0.00;0.00
02.01.2023 21:40;130760.45;0.2300;0.00;10.000;0.00;10.000;0.00;10.000;0.00;0.00;0.00;0.00;0.00;0.00;0.00;0.00;0.00
02.01.2023 21:45;130760.69;0.2300;0.00;10.000;0.00;10.000;0.00;10.000;0.00;0.00;0.00;0.00;0.00;0.00;0.00;0.00;0.00
02.01.2023 21:50;130760.91;0.2300;0.00;10.000;0.00;10.000;0.00;10.000;0.00;0.00;0.00;0.00;0.00;0.00;0.00;0.00;0.00
02.01.2023 21:55;130761.17;0.2300;0.00;10.000;0.00;10.000;0.00;10.000;0.00;0.00;0.00;0.00;0.00;0.00;0.00;0.00;0.00
02.01.2023 22:00;130761.50;0.2300;0.00;10.000;0.00;10.000;0.00;10.000;0.00;0.00;0.00;0.00;0.00;0.00;0.00;0.00;0.00
02.01.2023 22:05;130761.70;0.2300;0.00;10.000;0.00;10.000;0.00;10.000;0.00;0.00;0.00;0.00;0.00;0.00;0.00;0.00;0.00
02.01.2023 22:10;130761.91;0.2300;0.00;10.000;0.00;10.000;0.00;10.000;0.00;0.00;0.00;0.00;0.00;0.00;0.00;0.00;0.00
02.01.2023 22:15;130762.14;0.2300;0.00;10.000;0.00;10.000;0.00;10.000;0.00;0.00;0.00;0.00;0.00;0.00;0.00;0.00;0.00
02.01.2023 22:20;130762.34;0.2300;0.00;10.000;0.00;10.000;0.00;10.000;0.00;0.00;0.00;0.00;0.00;0.00;0.00;0.00;0.00
02.01.2023 22:25;130762.59;0.2300;0.00;10.000;0.00;10.000;0.00;10.000;0.00;0.00;0.00;0.00;0.00;0.00;0.00;0.00;0.00
02.01.2023 22:30;130762.86;0.2300;0.00;10.000;0.00;10.000;0.00;10.000;0.00;0.00;0.00;0.00;0.00;0.00;0.00;0.00;0.00
02.01.2023 22:35;130763.05;0.2300;0.00;10.000;0.00;10.000;0.00;10.000;0.00;0.00;0.00;0.00;0.00;0.00;0.00;0.00;0.00
02.01.2023 22:40;130763.25;0.2300;0.00;10.000;0.00;10.000;0.00;10.000;0.00;0.00;0.00;0.00;0.00;0.00;0.00;0.00;0.00
02.01.2023 22:45;130763.47;0.2300;0.00;10.000;0.00;10.000;0.00;10.000;0.00;0.00;0.00;0.00;0.00;0.00;0.00;0.00;0.00
02.01.2023 22:50;130763.70;0.2300;0.00;10.000;0.00;10.000;0.00;10.000;0.00;0.00;0.00;0.00;0.00;0.00;0.00;0.00;0.00
02.01.2023 22:55;130763.95;0.2300;0.00;10.000;0.00;10.000;0.00;10.000;0.00;0.00;0.00;0.00;0.00;0.00;0.00;0.00;0.00
02.01.2023 23:00;130764.20;0.2300;0.00;10.000;0.00;10.000;0.00;10.000;0.00;0.00;0.00;0.00;0.00;0.00;0.00;0.00;0.00
02.01.2023 23:05;130764.42;0.2300;0.00;10.000;0.00;10.000;0.00;10.000;0.00;0.00;0.00;0.00;0.00;0.00;0.00;0.00;0.00
02.01.2023 23:10;130764.62;0.2300;0.00;10.000;0.00;10.000;0.00;10.000;0.00;0.00;0.00;0.00;0.00;0.00;0.00;0.00;0.00
02.01.2023 23:15;130764.86;0.2300;0.00;10.000;0.00;10.000;0.00;10.000;0.00;0.00;0.00;0.00;0.00;0.00;0.00;0.00;0.00
02.01.2023 23:20;130765.12;0.2300;0.00;10.000;0.00;10.000;0.00;10.000;0.00;0.00;0.00;0.00;0.00;0.00;0.00;0.00;0.00
02.01.2023 23:25;130765.34;0.2300;0.00;10.000;0.00;10.000;0.00;10.000;0.00;0.00;0.00;0.00;0.00;0.00;0.00;0.00;0.00
02.01.2023 23:30;130765.56;0.2300;0.00;10.000;0.00;10.000;0.00;10.000;0.00;0.00;0.00;0.00;0.00;0.00;0.00;0.00;0.00
02.01.2023 23:35;130765.75;0.2300;0.00;10.000;0.00;10.000;0.00;10.000;0.00;0.00;0.00;0.00;0.00;0.00;0.00;0.00;0.00
02.01.2023 23:40;130765.95;0.2300;0.00;10.000;0.00;10.000;0.00;10.000;0.00;0.00;0.00;0.00;0.00;0.00;0.00;0.00;0.00
02.01.2023 23:45;130766.16;0.2300;0.00;10.000;0.00;10.000;0.00;10.000;0.00;0.00;0.00;0.00;0.00;0.00;0.00;0.00;0.00
02.01.2023 23:50;130766.39;0.2300;0.00;10.000;0.00;10.000;0.00;10.000;0.00;0.00;0.00;0.00;0.00;0.00;0.00;0.00;0.00
02.01.2023 23:55;130766.67;0.2300;0.00;10.000;0.00;10.000;0.00;10.000;0.00;0.00;0.00;0.00;0.00;0.00;0.00;0.00;0.00
